timestamp,url,name,price,in_stock
2026-10-04T10:51:48.106Z,https://www.vitaminstore.nl/product/vitaminstore-super-d3-extra-sterk-75-mcg-vitamine-d-softgels-276051,,17.95,true
2026-10-04T10:51:50.776Z,https://www.vitaminstore.nl/product/super-vegan-d3-k2-vegi-softgels-1307258,,31.95,true
2026-10-04T10:51:53.293Z,https://www.vitaminstore.nl/product/vitaminstore-super-d3-25-mcg-vitamine-d-softgels-222385,,13.95,true
2026-10-04T10:51:55.966Z,https://www.vitaminstore.nl/product/vitaminstore-super-d3-extra-sterk-refill-softgels-1310433,,27.95,true
2026-10-04T10:51:58.578Z,https://www.vitaminstore.nl/product/solgar-vitamins-vitamin-d-3-25-ug1000-iu-vitamine-d-uit-levertraan-softgels-197241,,15.95,true
2026-10-04T10:52:01.305Z,https://www.vitaminstore.nl/product/vitaminstore-super-d3-extra-sterk-pot-refill-120-st-softgels-1310603,,58.9,true
2026-10-04T10:52:03.949Z,https://www.vitaminstore.nl/product/vitaminstore-vitamine-d3-k2-softgels-1309847,,15.95,true
2026-10-04T10:52:06.454Z,https://www.vitaminstore.nl/product/solgar-vitamins-vitamin-d-3-25-ug1000-iu-vitamine-d-uit-wolvet-tabletten-197240,,14.95,true
2026-10-04T10:52:09.027Z,https://www.vitaminstore.nl/product/vitaminstore-vitamine-d3-vloeibaar-25-mcg-1000-ie-per-1-druppel-druppels-257528,,16.95,true
2026-10-04T10:52:11.654Z,https://www.vitaminstore.nl/product/vitaminstore-vitamine-d3-k2-druppels-1306535,,34.95,true
2026-10-04T10:52:14.281Z,https://www.vitaminstore.nl/product/vitakruid-vitamine-d3-75-mcg-3000-ie-vegicaps-1306675,,18.9,true
2026-10-04T10:52:16.917Z,https://www.vitaminstore.nl/product/viridian-vitamin-d3-vegan-2000-iu-50-ug-vegicaps-250379,,21.95,true
2026-10-04T10:52:19.673Z,https://www.vitaminstore.nl/product/new-care-d3-25-mcg-stuks-217185,,14.95,true
2026-10-04T10:52:22.430Z,https://www.vitaminstore.nl/product/vitaminstore-vegan-d3-25-mcg-vegan-vitamine-d-1000-ie-vegicaps-1304516,,17.95,true
2026-10-04T10:52:25.096Z,https://www.vitaminstore.nl/product/solgar-vitamins-liquid-vitamin-d-3-vloeibare-vitamine-d-druppels-216034,,21.95,true
2026-10-04T10:52:27.718Z,https://www.vitaminstore.nl/product/essential-organics-puur-plantaardige-d3-forte-75-mcg-3000-ie-vegicaps-289477,,34.95,true
2026-10-04T10:52:30.326Z,https://www.vitaminstore.nl/product/solgar-vitamins-vitamin-d3-amp-k2-1307903,,34.9,true
2026-10-04T10:52:32.962Z,https://www.vitaminstore.nl/product/orangefit-vitamine-d3-plantaardige-capsules-289484,,19.9,true
2026-10-04T10:52:35.611Z,https://www.vitaminstore.nl/product/orthica-dino-d-kauwtabletten-kauwtabletten-266335,,18.5,true
2026-10-04T10:52:38.258Z,https://www.vitaminstore.nl/product/now-vitamine-d3-1000-ie-softgels-211322,,9.95,true
2026-10-04T10:52:40.946Z,https://www.vitaminstore.nl/product/lamberts-vitamine-d3-3000ie-75-mcg-capsules-276718,,25.95,true
2026-10-04T10:52:43.608Z,https://www.vitaminstore.nl/product/bonusan-vitamine-d3-k2-softgels-1306459,,29.99,true
2026-10-04T10:52:46.245Z,https://www.vitaminstore.nl/product/vitals-vitamine-d3-1000ie-softgels-1306616,,14.95,true
2026-10-04T10:52:48.939Z,https://www.vitaminstore.nl/product/vitakruid-vitamine-d3-vegan-druppels-25mcg-1000-ie-1306851,,19.9,true
2026-10-04T10:52:51.567Z,https://www.vitaminstore.nl/product/solgar-vitamins-vitamin-d-3-25-ug1000-iu-vitamine-d-kauwtablet-kauwtabletten-257947,,18.5,true
2026-10-04T10:52:54.291Z,https://www.vitaminstore.nl/product/vitakruid-vitamine-d3-25mcg-k2-40mcg-tabletten-1310414,,19.9,true
2026-10-04T10:52:56.997Z,https://www.vitaminstore.nl/product/vitakruid-vitamine-d3-5-mcg-tabletten-159117,,19.9,true
2026-10-04T10:53:01.777Z,https://www.vitaminstore.nl/product/vitaminstore-vitamine-d3-vloeibaar-10-mcg-400-ie-vitamine-d-druppels-druppels-283035,,12.95,true
2026-10-04T10:53:04.457Z,https://www.vitaminstore.nl/product/now-vitamine-d3-druppels-1000ie-gel-254271,,16.95,true
2026-10-04T10:53:08.443Z,https://www.vitaminstore.nl/product/orthica-vitamine-d-25-tabletten-216819,,20.5,true
2026-10-04T10:53:11.073Z,https://www.vitaminstore.nl/product/vegan-d3-25mcg-vloeibaar-1307254,,18.95,true
2026-10-04T10:53:13.681Z,https://www.vitaminstore.nl/product/solgar-vitamins-vitamin-d-3-10-ug400-iu-vitamine-d-uit-visleverolie-softgels-601,,9.6,true
2026-10-04T10:53:16.327Z,https://www.vitaminstore.nl/product/viridian-viridikid-vegan-vitamin-d3-400-iu-10ug-druppels-252311,,13.55,true
2026-10-04T10:53:19.075Z,https://www.vitaminstore.nl/product/vitakruid-vitamine-d3-25-mcg-tabletten-222054,,16.9,true
2026-10-04T10:53:21.780Z,https://www.vitaminstore.nl/product/vitamine-d3-k2-1306599,,23.9,true
2026-10-04T10:53:24.461Z,https://www.vitaminstore.nl/product/vitakruid-vitamine-d3-k2-in-mct-olie-voor-verhoogde-opname-softgels-1310413,,24.9,true
2026-10-04T10:53:27.127Z,https://www.vitaminstore.nl/product/vitals-vitamine-d3-3000ie-softgels-1306617,,19.95,
2026-10-04T10:53:29.780Z,https://www.vitaminstore.nl/product/bonusan-vitamine-d3-75-mcg-vitamine-d-druppels-druppels-205953,,20.99,true
2026-10-04T10:53:32.452Z,https://www.vitaminstore.nl/product/now-vitamine-d3-1000ie-vitamine-k2-vegicaps-252279,,22.95,true
2026-10-04T10:53:35.121Z,https://www.vitaminstore.nl/product/bonusan-vitamine-d3-75-mcg-3000ie-softgels-1306174,,18.99,true
2026-10-04T10:53:37.929Z,https://www.vitaminstore.nl/product/bonusan-vitamine-d3-25-mcg-softgels-267385,,16.99,true
2026-10-04T10:53:40.491Z,https://www.vitaminstore.nl/product/solgar-vitamins-vitamin-d-3-15-ug600-iu-vegicaps-103600,,15.85,true
2026-10-04T10:53:43.205Z,https://www.vitaminstore.nl/product/vitakruid-vitamine-d-baby-druppels-1308388,,12.95,true
2026-10-04T10:53:45.894Z,https://www.vitaminstore.nl/product/essential-organics-puur-plantaardige-vitamine-d3-vegan-1000-ie-264539,,28.95,true
2026-10-04T10:53:48.560Z,https://www.vitaminstore.nl/product/vitakruid-vitamine-d3-druppels-25-mcg-1000-ie-1306850,,15.9,true
2026-10-04T10:53:51.214Z,https://www.vitaminstore.nl/product/viridian-liquid-vitamin-d3-vegan-2000-iu-50-ug-druppels-252300,,19.95,true
2026-10-04T10:53:53.801Z,https://www.vitaminstore.nl/product/aov-423-vitamine-d3-75-mcg-vegicaps-1306902,,28.95,true
2026-10-04T10:53:56.525Z,https://www.vitaminstore.nl/product/essential-organics-puur-vitamine-d-druppels-plantaardig-druppels-264529,,12.95,true
2026-10-04T10:53:59.167Z,https://www.vitaminstore.nl/product/viridian-vitamin-d3-vegan-3000-iu-75-mcg-vegicaps-1310022,,24.95,true
2026-10-04T10:54:01.818Z,https://www.vitaminstore.nl/product/vitortho-vitamine-d3-3000ie-softgels-264544,,13.5,true
2026-10-04T10:54:04.471Z,https://www.vitaminstore.nl/product/orthica-vitamine-d3-d-75-capsules-292442,,18.5,
2026-10-04T10:54:07.211Z,https://www.vitaminstore.nl/product/vitals-vitamine-d3-druppels-druppels-225185,,16.95,true
2026-10-04T10:54:09.760Z,https://www.vitaminstore.nl/product/vitakruid-vitamine-d3-vegan-25-mcg-1000-ie-tabletten-1306958,,17.9,true
2026-10-04T10:54:12.437Z,https://www.vitaminstore.nl/product/pharma-nord-bio-vitamine-d3-1000-ie-capsules-206131,,15.95,true
2026-10-04T10:54:15.145Z,https://www.vitaminstore.nl/product/metagenics-vitamine-d3-2000-iu-kauwtabletten-255299,,18.4,true
2026-10-04T10:54:17.824Z,https://www.vitaminstore.nl/product/metagenics-vitamine-d-1000iu-kauwtabletten-239878,,15.7,true
2026-10-04T10:54:20.467Z,https://www.vitaminstore.nl/product/orthica-d3-k2-oliedruppels-fles-1306193,,38.5,true
2026-10-04T10:54:23.214Z,https://www.vitaminstore.nl/product/now-vitamine-d3-2000ie-softgels-280532,,18.95,true
2026-10-04T10:54:25.896Z,https://www.vitaminstore.nl/product/viridian-vitamin-d3-vegan-1000-iu-25-ug-vegicaps-185512,,9.95,true
2026-10-04T10:54:28.331Z,https://www.vitaminstore.nl/product/orthica-dino-d-druppels-gel-266344,,16.95,true
2026-10-04T10:54:30.986Z,https://www.vitaminstore.nl/product/pharma-nord-bio-vitamine-d3-3000-ie-d-pearls-75-mcg-capsules-275823,,21.75,true
2026-10-04T10:54:33.612Z,https://www.vitaminstore.nl/product/sunny-d3-gummies-gummies-1309262,,19.95,true
2026-10-04T10:54:36.204Z,https://www.vitaminstore.nl/product/now-vitamine-d3-druppels-gel-204476,,15.5,true
2026-10-04T10:54:38.843Z,https://www.vitaminstore.nl/product/terranova-vitamine-d3-1000iu-complex-vegicaps-272308,,20.45,true
2026-10-04T10:54:41.509Z,https://www.vitaminstore.nl/product/mattisson-vegan-vitamine-d3k2-75mcg36mcg-druppels-druppels-1309231,,24.95,
2026-10-04T10:54:44.167Z,https://www.vitaminstore.nl/product/viridian-vitamin-d3-vegan-400-iu-10ug-vegicaps-209101,,19.8,true
2026-10-04T10:54:46.786Z,https://www.vitaminstore.nl/product/vitals-vitamine-d3-druppels-1000ie-druppels-1310203,,24.95,true
2026-10-04T10:54:49.449Z,https://www.vitaminstore.nl/product/vitamine-d3-3000ie-softgels-1308282,,21.99,true
2026-10-04T10:54:52.067Z,https://www.vitaminstore.nl/product/biotics-bio-d-mulsion-forte-vitamine-d3-2000-ie-50-mcg-gel-267383,,39.8,true
2026-10-04T10:54:54.678Z,https://www.vitaminstore.nl/product/lamberts-vitamine-d3-1000ie-25-mcg-stuks-251813,,18.95,true
2026-10-04T10:54:57.404Z,https://www.vitaminstore.nl/product/fittergy-vitamine-d3-25-mcg-met-zink-tabletten-1306778,,32.99,true
2026-10-04T10:55:00.037Z,https://www.vitaminstore.nl/product/mattisson-vegan-vitamine-d3-75mcg-capsules-1308676,,13.95,
2026-10-04T10:55:02.688Z,https://www.vitaminstore.nl/product/vitortho-vitamine-d3-1000ie-druppels-gel-289961,,11.5,true
2026-10-04T10:55:05.320Z,https://www.vitaminstore.nl/product/vitortho-vitamine-d3-1000-ie-softgels-289959,,7.95,true
2026-10-04T10:55:07.973Z,https://www.vitaminstore.nl/product/mattisson-healthstyle-absolute-vitamine-d3-25-mcg-1000-ie-tabletten-256337,,19.95,true
2026-10-04T10:55:10.752Z,https://www.vitaminstore.nl/product/new-care-d3-druppels-oliebasis-gel-258960,,9.75,true
2026-10-04T10:55:13.393Z,https://www.vitaminstore.nl/product/mattisson-vegan-vitamine-d3-25mcg-druppels-druppels-1309230,,17.95,true
2026-10-04T10:55:16.016Z,https://www.vitaminstore.nl/product/davitamon-baby-vitamine-d-k-10-mcg-150-mcg-gel-263675,,17.49,true
2026-10-04T10:55:18.656Z,https://www.vitaminstore.nl/product/new-care-vitamine-d3-druppels-op-waterbasis-gel-203554,,9.45,true
2026-10-04T10:55:21.378Z,https://www.vitaminstore.nl/product/terranova-vitamine-d3-2000iu-met-k2-100-mcg-complex-1305344,,46.75,true
2026-10-04T10:55:24.078Z,https://www.vitaminstore.nl/product/terranova-vitamine-d3-1000iu-met-k2-50-mcg-complex-vegicaps-1305331,,33.95,true
2026-10-04T10:55:26.778Z,https://www.vitaminstore.nl/product/viridian-vitamin-d3-k2-liquid-druppels-1310024,,34.95,true
2026-10-04T10:55:29.398Z,https://www.vitaminstore.nl/product/vitortho-vitamine-d3-10-mcg-kind-1305507,,11.5,true
2026-10-04T10:55:32.044Z,https://www.vitaminstore.nl/product/aov-422-vitamine-d3-50-mcg-tabletten-1306936,,26.95,true
2026-10-04T10:55:34.693Z,https://www.vitaminstore.nl/product/terranova-vitamine-d3-2000iu-complex-vegicaps-272309,,24.75,true
2026-10-04T10:55:37.331Z,https://www.vitaminstore.nl/product/a-vogel-vitamine-d3-25ug-tabletten-1305100,,14.99,true
2026-10-04T10:55:40.012Z,https://www.vitaminstore.nl/product/bonusan-vitamine-d3-75-vegan-softgels-1310514,,22.99,true
2026-10-04T10:55:42.621Z,https://www.vitaminstore.nl/product/aov-405-vitamine-d3-15-mcg-tabletten-1306892,,34.95,
2026-10-04T10:55:45.249Z,https://www.vitaminstore.nl/product/fittergy-vitamine-d3-25-mcg-met-zink-tabletten-1306779,,15.99,
2026-10-04T10:55:47.902Z,https://www.vitaminstore.nl/product/fittergy-vitamine-d3-50-mcg-met-zink-tabletten-1306780,,21.99,true
2026-10-04T10:55:50.615Z,https://www.vitaminstore.nl/product/metagenics-vitamine-d3-3000iu-tabletten-287842,,29.9,true
2026-10-04T10:55:53.260Z,https://www.vitaminstore.nl/product/new-care-vitamine-d3-10-mcg-plantaardig-1306399,,12.45,true
2026-10-04T10:55:56.133Z,https://www.vitaminstore.nl/product/artelle-vitamine-d3-75-mcg-stuks-268194,,14.95,true
2026-10-04T10:55:58.757Z,https://www.vitaminstore.nl/product/lamberts-vit-d3-1000ie-25mg-vegan-8137-capsules-1305177,,20.95,true
2026-10-04T10:56:01.819Z,https://www.vitaminstore.nl/product/lucovitaal-vitamine-d3-75-mcg-stuks-267782,,14.99,true
2026-10-04T10:56:04.506Z,https://www.vitaminstore.nl/product/orthica-d-10-tabletten-103568,,13.5,true
2026-10-04T10:56:07.129Z,https://www.vitaminstore.nl/product/royal-green-vitamine-d3-tabletten-240988,,29.95,true
2026-10-04T10:56:09.794Z,https://www.vitaminstore.nl/product/terranova-green-child-vitamin-d3-400-iu-vegan-capsules-272296,,16.25,true
2026-10-04T10:56:12.602Z,https://www.vitaminstore.nl/product/orthovitaal-vitamine-d3-1000ie-25mcg-softgels-1308269,,10.99,true
2026-10-04T10:56:15.212Z,https://www.vitaminstore.nl/product/orthica-vitamine-d-50-tabletten-266336,,26.5,true
2026-10-04T10:56:17.928Z,https://www.vitaminstore.nl/product/aov-402-vitamine-d3-25-mcg-vegicaps-1307662,,17.95,true
2026-10-04T10:56:20.644Z,https://www.vitaminstore.nl/product/vitortho-vitamine-d3-en-k2-liposomaal-gel-280169,,29.95,true
2026-10-04T10:56:23.245Z,https://www.vitaminstore.nl/product/orthica-vitamine-d-druppels-258482,,19.95,true
2026-10-04T10:56:26.033Z,https://www.vitaminstore.nl/product/lamberts-vitamine-d3-druppels-druppels-1305184,,15.95,true
2026-10-04T10:56:28.646Z,https://www.vitaminstore.nl/product/aov-421-vitamine-d3-k2-vegicaps-1307964,,32.95,true
2026-10-04T10:56:33.488Z,https://www.vitaminstore.nl/product/aov-401-vitamine-d-vegicaps-1306891,,12.95,true
2026-10-04T10:56:36.138Z,https://www.vitaminstore.nl/product/mattisson-vegan-vitamine-d3-baby-kind-10mcg-druppels-druppels-1309232,,14.95,true
2026-10-04T10:56:38.925Z,https://www.vitaminstore.nl/product/new-care-d3-75-mcg-stuks-267205,,20.95,true
2026-10-04T10:56:41.674Z,https://www.vitaminstore.nl/product/solgar-vitamins-vitamin-d3-2000-iu-spray-1308884,,26.95,
