query,videoId,author,comment
darmflora herstellen,OyDilK6dcQc,@paulo3131313131,Op het einde heeft hij het over therapie met bacterien. Wat is dat precies?
darmflora herstellen,OyDilK6dcQc,@DJ_MH3R,"Om een lang verhaal kort te maken. Minder vet en suiker en meer groenten, fruit, vezels enz"
darmflora herstellen,OyDilK6dcQc,@goldygoldy7543,"En hoe krijg ik ,n gezonde darmflora???? Dat weet ik na dit filmpje nog steeds niet!"
darmflora herstellen,aTzJ77VdjuU,@Embrace-BB,Wat raden jullie aan om bij water-kefir toe te voegen aub?
darmflora herstellen,aTzJ77VdjuU,@trudyjansen3316,wil ik ook graag weten
darmflora herstellen,aTzJ77VdjuU,@sandrabokkinga9066,Welke yoghurt is het beste?
darmflora herstellen,f3wdN0Q3mbE,@61irmgard,Een lieve vriendin van mij heeft last van ernstige verstopping. Ze gebruikt zennapeulenthee en geregeld een klysma. Wat kan ze doen? Ze zeggen dat ze er liever niet meer wil zijn.😢
darmflora herstellen,f3wdN0Q3mbE,@marietjelemmens2075,"Een duidelijk verhaal,bedankt marietje"
darmflora herstellen,f3wdN0Q3mbE,@irfanozcan7277,Bedankt voor mooi video ❤🎉🎉
probiotica voordelen,EqoDLkVseMs,@mranonymous943,Alles wat je moet weten in deze video.? Zoveel vertel je er niet over en wat je verteld vertel je steeds opnieuw.
probiotica voordelen,EqoDLkVseMs,@Borre972,Wat is probiotica?
probiotica voordelen,RvUKbxbb1Dk,@mimiel9005,"De meest oorzaak voor darmklachten is dat briobiotica te weinig in de lechaam is, deze goede bacteriën zijn ook in de natuurlijk gist die thuis wordt gemaak voor brood"
probiotica voordelen,RvUKbxbb1Dk,@meridonmage9076,"Probiotica Bacteriën, werkt beter dan een absoluut steriel huis, er zijn heel veel handige bacteriën welke we verspillen door overdreven strakke directieven & zozeker besproken lijnen...."
probiotica voordelen,hqjEFW3mmhs,@kimberleypex,Alle artsen en orthomoleculair therapeuten en dieetisten raadden me de afgelopen 25 jaar aan om na iedere (noodzakelijke) antibiotica -bij en na vele darmoperaties-flink wat probioticakuren te nemen. Mijn darmflora was vaak flink naar de haaien. Ik heb die raad altijd opgevolgd.
probiotica voordelen,hqjEFW3mmhs,@sylvesterpulk8279,ik moet helaas wel probiotica slikken omdat ik een spastische darm heb.en vezels alleen maakt mijn darmen overstuur
probiotica voordelen,hqjEFW3mmhs,@marjavancuijk7689,Wat wordt bedoeld met bonen eten? Gaat het dan over sperziebonen of witte en bruine bonen?
probiotica voordelen,scDmziIwUEY,@arcaneiconoclast319,This is what my PHD is on. The relation of gut and mind and how it can cure depression.
probiotica voordelen,scDmziIwUEY,@jbx581,"Me: eating all of the bad food, having an anxiety disorder and basically not sleeping My gut: 👁👄👁"
probiotica voordelen,scDmziIwUEY,@lulWut9,Props to whoever does the editing because those clips are hilarious.
probiotica voordelen,U1p4YMU3vWk,@TheCytb,"This is by far the best video i have ever seen about probiotics, thank you so much, keep up the good work <3"
probiotica voordelen,U1p4YMU3vWk,@CC-hz1qm,Well done! Ty!
probiotica voordelen,U1p4YMU3vWk,@BlakeSlacks,Great job!
stress verminderen supplementen,MtP9UssHwdc,@Doodloper,"Excellent vid by the legendary Karlijn ""Punt aan de Lijn"" Hoebe"
stress verminderen supplementen,MtP9UssHwdc,@Yariya2,Ik heb in mijn opleiding voor orthomoleculaire voedingstherapie geleerd dat ook in chocolade caffeine zit. En dat zou dan juist stress verhogend werken.
stress verminderen supplementen,MtP9UssHwdc,@DJ_MH3R,Super video! Kom bij de rustige en lieve uitleg al helemaal bij 👍
stress verminderen supplementen,EDNuAa47GZU,@doctorlegrand,"👉 Work With Me: https://drlegrand.com/consultation-032524 👉 The supplements that actually eliminate stress are great but in order to really help you decrease stress, you also need focus and energy you should Download my FREE All day Focus & Energy Guide Here: 👉 https://drlegrand.com/focusg-032524 👈"
stress verminderen supplementen,EDNuAa47GZU,@neil03051957,"Ashwaghanda, Rhodiola, Panax Ginseng."
stress verminderen supplementen,EDNuAa47GZU,@mimibaker2022,5 supplements: 0:25 1) tension ease by vital nutrients - best for acute moments 1:21 2) rhodiola rosea - reduces cortisol 2:45 3) drenamin (by standard process) - blend 3:54 4) all b vitamins 4:38 5) minchex (also standard process) - blend
stress verminderen supplementen,E5XD3qfkKLk,@HollandBarrettNL,Waar zou ashwagandha jou bij kunnen ondersteunen?
stress verminderen supplementen,E5XD3qfkKLk,@mrinfinity4003,Nu over de nadelen
stress verminderen supplementen,E5XD3qfkKLk,@Salam_8,Super kanaal. Ik ben een vaste klant bij Holland & Barrett NL en ik kijk met alle plezier naar jullie videos.
beter slapen zonder melatonine,eYxGdHYa0OQ,@NOSStories,Heb jij door wat de muziekjes in deze video met elkaar gemeen hebben? ;)
beter slapen zonder melatonine,eYxGdHYa0OQ,@djplay2618,De waarheid over bier/alcohol drinken voor je 18e
beter slapen zonder melatonine,eYxGdHYa0OQ,@max-xu4cd,Verdomde asmr jumpscare
collageen supplementen werkt het,Nb_NyUvVXXs,@Mo_Abbas,"De sluwheid van de producenten is als volgt: 1. Zeg wat collageen in zn algemeenheid doet voor het lichaam, niet het poeder zelf wat al afgebroken wordt door je spijsvertering. 2. Voeg veel vitamine C toe, want vitamine C is wat daadwerkelijk bijdraagt aan de aanmaak van collageen (alleen niet zeggen want anders gaan ze veel fruit eten)."
collageen supplementen werkt het,Nb_NyUvVXXs,@BammyQ,Leuk dat we dit soort advies nemen van mensen die totaal niet vies zijn van plastische chirurgie en fillers
collageen supplementen werkt het,Nb_NyUvVXXs,@sasjadv,"En voor de mensen die denken: _“is er iets wat dan wel werkt?”_ Ja, *Zonnebrandcrème.* Als je dat op lange termijn gebruikt bij zonnig weer, dan zal je huid minder verouderen. En dit is extra belangrijk tijdens wintersport of watersport, wanneer het water of de sneeuw zonlicht reflecteerd. Wat ook werkt: niet roken en geen alcohol nuttigen (of het gebruik in ieder geval minimiseren)."
collageen supplementen werkt het,RFazMACvH3I,@lotuscabrio2937,Ik vind jmmr dat ik niet in mijn yoguurt kan mixen
collageen supplementen werkt het,RFazMACvH3I,@Borre972,Collageen zit als basis in mousse-chocolat.
collageen supplementen werkt het,RFazMACvH3I,@JLT407,"Collageen ( pillen ) ,van waar is deze grondstof afkomstig ? Dierlijk ? Plantaardig ? Ik hoop plantaardig . . dan zou het ook geschikt zijn voor vegetariërs 😉"
collageen supplementen werkt het,mtUITXCdMj0,@HollandBarrettNL,Met welk doel zou jij collageen supplementen of poeder gebruiken?
collageen supplementen werkt het,mtUITXCdMj0,@pascalledouven7022,"Interessant, ik ben 53 en zie laatste weken en mnd mijn huid armen benen plots veranderen"
collageen supplementen werkt het,mtUITXCdMj0,@RickSporter1974,👍👍👍
collageen supplementen werkt het,GMFQpu61cAk,@InekeRteS,Hoe zit het met collageen afkomstig van runderen en Gekkekoeienziekte?
collageen supplementen werkt het,GMFQpu61cAk,@danieldewoeste,Waneer komt er een onderzoek naar de covid vacin is nu ook gedaan door de fabrikant zelf 😉
collageen supplementen werkt het,GMFQpu61cAk,@rw80,"Dat zoiets lijkt te werken komt wellicht meer doordat mensen die dit gaan gebruiken over de hele linie verstandiger gaan leven (minder alcohol, beter eten, etc)."
huid van binnenuit voeding,CoSdpXamf1A,@jeanpaultongeren125,pure chocolade 100% cacao ook.
huid van binnenuit voeding,CoSdpXamf1A,@LoesVisser,🙏
huid van binnenuit voeding,CoSdpXamf1A,@Eat_Win,Nah
huid van binnenuit voeding,N_H2IOtgiyo,@kirpich27.,Почему монеточка так постарела?
huid van binnenuit voeding,N_H2IOtgiyo,@roxaneverkaik3210,Klos
magnesium voordelen slaap,fIwINECglZ4,@NPOStartNext,Slik jij magnesium? 💊
magnesium voordelen slaap,fIwINECglZ4,@rphwww,Je zou maar wetenschapper zijn en autoriteit op dit gebied zoals Jeroen en zoveel onzin voorbij zien komen. En dan ook nog n's zo relaxed en duidelijk antwoord geven. Respect 😅💯
magnesium voordelen slaap,fIwINECglZ4,@hiddebrus4595,"Zouden jullie op dezelfde manier het gebruik, aanbod en effect van creatine kunnen onderzoeken?"
magnesium voordelen slaap,sLjjPHcu8wU,@RobertaMeriam,Zeer prettige uitleg
magnesium voordelen slaap,sLjjPHcu8wU,@Lex-nl5vw,"Niet zonder meer slikken,niet altijd oké bijv.voor hartpatiënten."
magnesium voordelen slaap,sLjjPHcu8wU,@vivlaqueen1128,Zwemden? Zwommen! 😃
magnesium voordelen slaap,Wm_MXdUc9ck,@moss7988,"As someone that deals with general anxiety disordered, PTSD and panic. Highly recommend the supplement for sleep. A hell of a lot better than melatonin."
magnesium voordelen slaap,Wm_MXdUc9ck,@sanyamjain3561,"Anxiety, insomnia, heart palpations, racing thoughts, brain fog, light sensitivity, muscle twitch - all since 10 years - ended with just 1 tablet"
magnesium voordelen slaap,Wm_MXdUc9ck,@goldenegg3974,Yeahh I feel so relaxed
vitamine d tekort symptomen,4t3fmhP7Ku8,@bluestar1103,ik had zo.n pijn in mijn benen ben vitamine d gaan gebruiken en de pijn is weg wat een goede uitleg van dokter zuidwijk fijn dat u er aandacht aan besteed dank u wel
vitamine d tekort symptomen,4t3fmhP7Ku8,@pienke_1232,Ow dus door prikken kom je er achter of je tekort hebt aan vit D?
vitamine d tekort symptomen,4t3fmhP7Ku8,@Rey_Suárez,Ik ga u volgen. U bent een echte dokter!!
vitamine d tekort symptomen,AXq2ZdXXFCU,@Drberg,"I wanted to add one more thing about mixed reviews on vitamin D. For example, why do some people,(most) do well on high dose vitamin D, but not everyone. I should probably do a video on this but here's the data: magnesium is the vital cofactor for vitamin D and the more vitamin D you take, the more magnesium is required so IF a person omits magnesium and takes lots of D3, they could experience magnesium deficiency symptoms: lack of sleep, muscle tightness, restlessness, leg/foot cramps, panic attacks, anxiety, etc. Interesting. The same thing goes with magnesium, if you are low on D3, and omit D3 and take lots of magnesium you could end up with bone pain, achy low back, low immune system, sleep problems, etc."
vitamine d tekort symptomen,AXq2ZdXXFCU,@splendore.ngrandeur3599,1.Head sweating 2. Excess sweating at night 3. Mood swings 4. Procrastination 5. Panic attack 6. Body Ache 7.loss of muscle strength 8.stiffness 9. Chronic fatigue 10.Inability to think 11. Hard to feel satisfied with food
vitamine d tekort symptomen,AXq2ZdXXFCU,@nightone9720,"3 years ago I woke up to go to work at 5 am. Im an HVAC Refrigeration technician. I work very hard everyday. When I got up and started walking to the bathroom to take a shower I all of a sudden lost control of my body. I fell over and hit the floor. Im not a wimp. So I tried to get up but couldn't. I called for my dad who was sleeping. Luckily my french bulldog heard me and sensed something was wrong and started barking and my dad woke up. I remember when my dog and dad came in my room my dad was asking what happened. I told him I think I need to see a doctor. He picked me up and got me to the hospital. What felt like a very long time I finally got in a room with the nurse and told her what happened. Apparently I was so deficient in potassium and magnesium. They had me on an IV for like 2 hours. Its hard to remember how long. What I do remember is how much better my body felt as the IV was going. I felt so much better physically and mentally. Since then I have been taking my magnesium and potassium BUT noticed that vitamin D has helped me INCREDIBLY as well. There is a huge difference when I am not deficient vs being deficient. Its actually crazy how much more relaxed I feel. I can tell when I am deficient. Muscle tightness, anxiety, lack of sleep. Now I take my supplements everyday. Magnesium, potassium, vitamin D and K2. Doctor told me that I must have difficulty getting these vitamins and trace minerals in my diet. If someone has read this all the way through if anything I would highly recommend buying Magnesium Calm. Look it up on Amazon. It has been a life changer. ❤ magnesium seems to be the biggest help for me but all the other vitamins I have written about are also very important to my physical and mental health."
vitamine d tekort symptomen,-wcVnAkStkc,@2gerrit,Deskundig advies??? en u geeft aan dat margarine vit. D bevat.. hoe komt u erbij dat nagenoeg chemisch geproduceert vet met een gele kleurstof een voedings stempel heeft.. ik gebruik het woord chemisch maar heb even gezocht en vond geëmulgeerde oliën.. wel oliën die vroeger als motorolie werden gebruikt en dus al heel slecht zijn door verwarming of verhitting.. bewezen hartfalen en dichtslibben van aderen door margarine gebruik.. door vit. A en D toe te voegen maakt het er niet natuurlijker op of zelfs eetbaar..
vitamine d tekort symptomen,-wcVnAkStkc,@niemandprinses7023,"Mijn waarde zijn nu 24 en ben zeer vermoeid, de huisarts adviseerd 10q te slikken of 2 daarvan maar ik merk totaal niets. Nu heb ik ook 25 mcg ( 1000 ie geloof ik) en 50 mcg ( 2000 ie ?) In huis. Wat adviseer jij ?"
vitamine d tekort symptomen,-wcVnAkStkc,@daylanoverwer7728,Alleen naar de camara kijken maakt het intresanter om naar te kijken
vitamine d tekort symptomen,uysop5NZqmY,@dr.nickzyrowski,👉 Watch Next: High Dose Vitamin D Treats Incurable Diseases?: https://youtu.be/dTNXqXWhxpI
vitamine d tekort symptomen,uysop5NZqmY,@KimberlyMitchell-v8q,"1. Frequent infections 2. Depression or low mood 3. Stiffness and Pain 4. Muscle Weakness 5. Bone pain 6. Slow wound healing 7. Excessive head sweating 8. Chronic fatigue 9. Autoimmune tendencies Take Vitamin D/K3 in the am with meal 5,000 UI for maintenance 10,000 UI for building levels"
vitamine d tekort symptomen,uysop5NZqmY,@Cordelia_whoopsie,Don’t forget magnesum! It’s essential to activate vitamin d in your body.
vitamine d tekort symptomen,kDBYM4UvTmQ,@Robo-hy8xu,"This is crazy, I asked my doctor many times, why do I sweat for no reason, where my hair is wet. She looks at me like I am crazy and of course no response"
vitamine d tekort symptomen,kDBYM4UvTmQ,@it2313,"Vit. D deficiency symptoms: 1. Head sweating 2. Sweating more at night 3. Mood swings 4. Procrastination 5. Panic attacks 6. Achiness inside bones 7. Loss of muscle strength 8. Stiffness (knees, fingers) 9. Chronic fatigue 10. You cannot think quickly 11. Not getting satisfied eating, tendency to overeat"
vitamine d tekort symptomen,kDBYM4UvTmQ,@James-w1i7m,If only all doctors were like you.
vitamine d tekort symptomen,GDAyrQbsa34,@paulientemmink1547,Dankjewel Noor voor elke week een boeiende podcast ❤🙏
vitamine d tekort symptomen,GDAyrQbsa34,@paterpoei,"Zo Noor, ik wil je bij deze bedanken voor deze super goede uitleg en wat fijn dat je wat rustiger praat dan hoef ik niet elke keer terug te luisteren kijk zo kan je ook de week beginnen als het ware ... nog een prettige week en tot de volgende eej"
vitamine d tekort symptomen,GDAyrQbsa34,@lindapinda3867,Dank! Op mijn flesje D3 en K2 staat de hoeveelheid in mcg aangegeven. 10 druppels is 50 mcg. Hoeveel mcg viamine D is de aanbevolen hoeveelheid als je uitgaat van de waardes die je noemde?
vitamine d tekort symptomen,KsWSIFnT1Rs,@jolandevangunsteren8739,Wat een duidelijk verhaal en wat een enige en competente presentatrice...
vitamine d tekort symptomen,KsWSIFnT1Rs,@karen1801,Elke winter werd ik zwaarmoedig en ik heb adhd zo kwam ik bij de psychiater en psycholoog en die raden mij om elke week 1 vitamine d pil te nemen. Dat doe al drie jaar nu en ik kan zeggen dat het dan veel beter met mij in de winter ik ga veel vrolijker de winter in
vitamine d tekort symptomen,KsWSIFnT1Rs,@robertneven7563,"heerlijke video, een pracht mens deze damen , spreekt duidelijke taal"
energie supplementen natuurlijk,r6_AJqOE_RI,@DeHealthCast,"Voor wie het lijstje wil: dit zegt Diederik over de vijf populairste supplementen. Whey: handig als je je eiwitdoel (1,6 tot 2 gram per kilo lichaamsgewicht) niet met eten haalt. Let op 20 gram eiwit per scoop en geen amino spiking. Isolaat, concentraat of blend maakt dan niet uit. Omega 3: nuttig voor de meeste mensen die geen vette vis eten. Kijk naar EPA en DHA, minstens 1000 mg per dag. Omega 3-6-9 is marketing. Vitamine D: nuttig voor de meeste Nederlanders, zeker van oktober tot april. 2000 IE (50 mcg) per dag, controleer je bloedwaarde aan het eind van de winter. K2 erbij is niet nodig. Creatine: nuttig als je krachttraint. 3 gram monohydraat per dag, geen laadfase, timing maakt niet uit. Betaal er geen 40 euro voor. Magnesium: niet voor iedereen. Alleen met een doel (slaap, krampen, obstipatie), 200 tot 400 mg elementair magnesium. 1000 mg bisglycinaat is maar ongeveer 100 mg magnesium. Alles uitgeschreven, met transcript en de vragen uit de reacties: https://sportpoeder.nl/kennisbank/welke-supplementen-werken-echt/ Alle scores: https://sportpoeder.nl/supplementscore"
energie supplementen natuurlijk,r6_AJqOE_RI,@daryalizzy7879,"Goede podcast, zeer informatief"
energie supplementen natuurlijk,r6_AJqOE_RI,@annelieskeuker3384,"Een arts vertelde mij dat de multivitamine die ik slikte, stoffen vervatte die ""stapelden"" zij adviseerde van Nutrphyt te slikken. Hoe weet ik of een produkt stapelt."
energie supplementen natuurlijk,3wxdZua4VQ0,@7bees,Lees meer: https://www.7bees.com/focus-supplementen-gamen/
vermoeidheid oorzaken voeding,nitLKVQULpc,@hcbosbos,Danke
vermoeidheid oorzaken voeding,_h4YXlRfDYA,@TheMajesticManatee-j1e,"Mensen werken steeds meer, zitten continue achter een scherm en hebben steeds minder vrije tijd en gemeenschap. Volgens mij heeft dat er ook wat mee te maken, gok ik zo."
vermoeidheid oorzaken voeding,_h4YXlRfDYA,@liekieliek,"Wat kan deze wetenschapper dit goed en rustig uitleggen, zeg. Heel fijn om naar haar te luisteren. Bedankt voor deze content"
vermoeidheid oorzaken voeding,_h4YXlRfDYA,@Femke-h3v,"​ Ik heb ADHD, en na 8 jaar onderzoeken in het ziekenhuis mbt vermoeidheid ben ik er achter gekomen dat de internist, de kno-arts, de cardioloog, de longarts en de neuroloog het niet weten. Toen ben ik in coronatijd opzoek gegaan naar de beste voeding voor mijn kinderen en evt voedingintollerance op te sporen. Toen bleek dat ik mij veel beter ben gaan voelen, ik had weer energie, ik kon de kinderen naar bed brengen, en de afwas en het avondeten afmaken zonder halverwege te moeten slapen. Tot we weer brood gingen eten. Binnen 2 dagen was de ernstige vermoeidheid weer terug. Nu eet ik reeds 5 jaar gluten vrij. En ik voel me er prima bij. Gewoon normale energie, normale vermoeidheid, normale spierkracht opbouw. Dit gun ik iedereen. Coeliakie is een auto-immuunziekte. Dit is in het bloed te meten. Ik heb gluten intolerantie, dit is niet te meten in je bloed, maar je darmen missen de eiwitten om gluten af te breken, waardoor schade ontstaat."
vermoeidheid oorzaken voeding,MGkQoE6R2pE,@FarziaAlli,Een mrns heeft ook rust nodig
vermoeidheid oorzaken voeding,MGkQoE6R2pE,@suzannelucassen7118,Ook migraine heeft een invloed na de migraine aanval is de patiënt nog moe en heeft herstel nodig
stofwisseling versnellen natuurlijk,R4cg85wdNq0,@JufDanielle,Download ook de gratis Actieve Samenvatting: https://jufdanielle.com/actieve-samenvatting-stofwisseling-de-basis/ P.s. Wat weet jij over hypothyreoïdie?
stofwisseling versnellen natuurlijk,R4cg85wdNq0,@thebasement7330,Fijne stem om naar te luisteren
stofwisseling versnellen natuurlijk,R4cg85wdNq0,@sesar8945,Dankjewel juf dit was heel erg leerzaam
stofwisseling versnellen natuurlijk,p7wUubD1Bow,@DonaldMalestein,Vragen? Laat ze hieronder achter!
stofwisseling versnellen natuurlijk,p7wUubD1Bow,@DonaldFifaHD,Jeetje jouw metabolisme is indd enorm verhoogd hiermee!
stofwisseling versnellen natuurlijk,p7wUubD1Bow,@MrGamingProjectNL,Dankjewel weer!
